id,conversation_id,created_at,date,time,timezone,user_id,username,name,place,tweet,mentions,urls,photos,replies_count,retweets_count,likes_count,location,hashtags,link,retweet,quote_url,video
1116409506064412672,1116409506064412672,1555007742000,2019-04-11,15:35:42,-03,40053694,flaviobolsonaro,Flavio Bolsonaro,,"Mesmo j√° tendo sido alvo das piadas de @DaniloGentili entendo que elas fazem parte do jogo democr√°tico e, por isso, me solidarizo com o apresentador. Direito de liberdade de express√£o √© algo fundamental no nosso pa√≠s, mas √†s vezes parece n√£o valer para todos.",['danilogentili'],[],[],687,2333,19278,,[],https://twitter.com/FlavioBolsonaro/status/1116409506064412672,,,0
1116316600699846662,1116316600699846662,1554985592000,2019-04-11,09:26:32,-03,40053694,flaviobolsonaro,Flavio Bolsonaro,,"Felicita√ß√µes ao @netanyahu pela vit√≥ria e recondu√ß√£o ao cargo de primeiro-ministro de Israel. Pelo que vi durante minha visita ao seu pa√≠s, tenho certeza de que continuar√° a fazer um √≥timo governo. üáßüá∑ü§ùüáÆüá± pic.twitter.com/p3eHRAOLFY",['netanyahu'],[],['https://pbs.twimg.com/media/D330BqsXkAAlhGt.jpg'],107,509,4797,,[],https://twitter.com/FlavioBolsonaro/status/1116316600699846662,,,0
1116008135427330049,1116008135427330049,1554912048000,2019-04-10,13:00:48,-03,40053694,flaviobolsonaro,Flavio Bolsonaro,,"O governo trabalhou com vigor nos √∫ltimos 100 dias e vai trabalhar ainda mais at√© o fim do mandato. Vamos entregar para os eleitores o Brasil que nos pediram nas urnas. Parab√©ns, PR @jairbolsonaro pic.twitter.com/ZTmsryNRKu",['jairbolsonaro'],[],['https://pbs.twimg.com/media/D3zbezOW0AEPvDZ.jpg'],845,2048,13008,,[],https://twitter.com/FlavioBolsonaro/status/1116008135427330049,,,0
1115962143009050624,1115962143009050624,1554901083000,2019-04-10,09:58:03,-03,40053694,flaviobolsonaro,Flavio Bolsonaro,,Obrigado üáßüá∑ pic.twitter.com/pz0budpxH7,,[],['https://pbs.twimg.com/media/D3yxpnuX4AAs-nN.jpg'],253,326,4042,,[],https://twitter.com/FlavioBolsonaro/status/1115962143009050624,,,0
1115627414938423297,1115627414938423297,1554821277000,2019-04-09,11:47:57,-03,40053694,flaviobolsonaro,Flavio Bolsonaro,,"Trag√©dias como a resultante das fortes chuvas que atingem o RJ, somente ser√£o amenizadas quando houver preven√ß√£o permanente, como mantendo livres as vias pluviais da cidade para evitar alagamentos ‚Äì o que, mais uma vez, n√£o ocorreu. Meus sentimentos √†s fam√≠lias das v√≠timas.",,[],[],493,735,8252,,[],https://twitter.com/FlavioBolsonaro/status/1115627414938423297,,,0
1115354189822144512,1115354189822144512,1554756135000,2019-04-08,17:42:15,-03,40053694,flaviobolsonaro,Flavio Bolsonaro,,"Sem qualquer pudor a esquerda exalta um criminoso. Tirem suas pr√≥prias conclus√µes, a imagem circula na internet e faz voltar a pergunta: QUEM MANDOU MATAR BOLSONARO? https://twitter.com/bolsonarosp/status/1115329510461906945¬†‚Ä¶",,['https://twitter.com/bolsonarosp/status/1115329510461906945'],[],2003,3132,15872,,[],https://twitter.com/FlavioBolsonaro/status/1115354189822144512,,https://twitter.com/BolsonaroSP/status/1115329510461906945,0
1114271710776369154,1114271710776369154,1554498052000,2019-04-05,18:00:52,-03,40053694,flaviobolsonaro,Flavio Bolsonaro,,"Queremos devolver a paz ao cidad√£o de bem. Que o brasileiro possa ir ao shopping, √† praia ou a qualquer lugar sem medo de ser roubado ou agredido por bandos de criminosos. Chega de arrast√µes. O brasileiro precisa de paz e seguran√ßa! pic.twitter.com/V3OrX5VAOX",,[],[],1497,2648,17491,,[],https://twitter.com/FlavioBolsonaro/status/1114271710776369154,,,1
1114152944927219712,1114152944927219712,1554469736000,2019-04-05,10:08:56,-03,40053694,flaviobolsonaro,Flavio Bolsonaro,,"Seja bem vindo, Ministro Moro! üëçüèª üáßüá∑ https://twitter.com/sf_moro/status/1113797489562460160¬†‚Ä¶",,['https://twitter.com/sf_moro/status/1113797489562460160'],[],294,669,9504,,[],https://twitter.com/FlavioBolsonaro/status/1114152944927219712,,https://twitter.com/SF_Moro/status/1113797489562460160,0
1113573878285127680,1113573878285127680,1554331676000,2019-04-03,19:47:56,-03,40053694,flaviobolsonaro,Flavio Bolsonaro,,"Assistimos ao #1964OBrasilEntreArmasELivros no avi√£o, voltando de Israel. Com duras cr√≠ticas a algumas a√ß√µes/omiss√µes dos militares e trazendo √† luz a verdadeira face dos terroristas, fica a reflex√£o de que n√£o podemos perder a oportunidade de fazer o Brasil dar certo.",,[],[],646,1570,11365,,['#1964obrasilentrearmaselivros'],https://twitter.com/FlavioBolsonaro/status/1113573878285127680,,,0
1113154036256129024,1113154036256129024,1554231578000,2019-04-02,15:59:38,-03,40053694,flaviobolsonaro,Flavio Bolsonaro,,#DiaMundialDoAutismo pic.twitter.com/byMl1ydhCA,,[],['https://pbs.twimg.com/media/D3K3r4DWsAAL87q.jpg'],683,376,2961,,['#diamundialdoautismo'],https://twitter.com/FlavioBolsonaro/status/1113154036256129024,,,0
1112790722414108673,1112790722414108673,1554144957000,2019-04-01,15:55:57,-03,40053694,flaviobolsonaro,Flavio Bolsonaro,,Esse carinho n√£o tem pre√ßo! √â a certeza que estamos no caminho certo! üáÆüá± pic.twitter.com/HLdzyQ5wWU,,[],[],2053,4114,27532,,[],https://twitter.com/FlavioBolsonaro/status/1112790722414108673,,,1
1112465510401232897,1112465505493925889,1554067420000,2019-03-31,18:23:40,-03,40053694,flaviobolsonaro,Flavio Bolsonaro,,"Ainda tive o privil√©gio de conhecer a Camila, enfermeira brasileira que trabalha no hospital h√° tr√™s anos e me deu palavras de apoio ao governo Bolsonaro, sua grande esperan√ßa de o Brasil dar certo!",,[],[],352,762,8649,,[],https://twitter.com/FlavioBolsonaro/status/1112465510401232897,,,0
1112465505493925889,1112465505493925889,1554067419000,2019-03-31,18:23:39,-03,40053694,flaviobolsonaro,Flavio Bolsonaro,,"Visita ao Hadassah, o maior hospital p√∫blico de Israel, onde foram apresentadas tecnologias inovadoras e proposto interc√¢mbio de conhecimento para a sa√∫de no Brasil. S√£o mais de 2 milh√µes de pacientes atendidos por ano, com cobertura total e de excel√™ncia. (Continua) pic.twitter.com/MgjRyOOkfN",,[],['https://pbs.twimg.com/media/D3BFee8XcAIYbX7.jpg'],507,1812,12761,,[],https://twitter.com/FlavioBolsonaro/status/1112465505493925889,,,0
1112371327141404672,1112371327141404672,1554044965000,2019-03-31,12:09:25,-03,40053694,flaviobolsonaro,Flavio Bolsonaro,,"Grande honra cumprimentar o Primeiro-ministro @netanyahu e participar desse momento hist√≥rico, em que o Brasil reata os la√ßos diplom√°ticos, estrat√©gicos e empres√°rias com Israel. Com @jairbolsonaro pic.twitter.com/0ULE2YQDTB","['netanyahu', 'jairbolsonaro']",[],['https://pbs.twimg.com/media/D2_v0qiXQAA-FVI.jpg'],601,1584,13185,,[],https://twitter.com/FlavioBolsonaro/status/1112371327141404672,,,0
1112351504537714688,1112351504537714688,1554040239000,2019-03-31,10:50:39,-03,40053694,flaviobolsonaro,Flavio Bolsonaro,,Come√ßa uma nova era na rela√ß√£o Brasil-Israel! üáßüá∑ü§ùüáÆüá± Que Deus aben√ßoe nossos povos! Com: @jairbolsonaro @netanyahu pic.twitter.com/BBHvSbkOJf,"['jairbolsonaro', 'netanyahu']",[],['https://pbs.twimg.com/media/D2_dyzhWsAADQEz.jpg'],428,1422,11112,,[],https://twitter.com/FlavioBolsonaro/status/1112351504537714688,,,0
1111754042794000384,1111754042794000384,1553897793000,2019-03-29,19:16:33,-03,40053694,flaviobolsonaro,Flavio Bolsonaro,, pic.twitter.com/tyxbcuUtf7,,[],['https://pbs.twimg.com/media/D22-aAiX4AIXlGF.jpg'],763,1316,8714,,[],https://twitter.com/FlavioBolsonaro/status/1111754042794000384,,,0
1111272140307918848,1111272133940916224,1553782899000,2019-03-28,11:21:39,-03,40053694,flaviobolsonaro,Flavio Bolsonaro,,Isso contamina todo o processo e prejudica os honestos. Link:  https://bit.ly/2uvepdf¬†  Vamos fazer um Brasil melhor e mais justo üáßüá∑,,['https://bit.ly/2uvepdf'],[],207,364,3723,,[],https://twitter.com/FlavioBolsonaro/status/1111272140307918848,,,0
1111272138516905991,1111272133940916224,1553782898000,2019-03-28,11:21:38,-03,40053694,flaviobolsonaro,Flavio Bolsonaro,,"- Apresentei tamb√©m um Projeto de Lei que garante a puni√ß√£o para quem mentir perante a justi√ßa ou prestar falso testemunho. - Pelas regras atuais, quem pratica falso testemunho pode n√£o ser punido, basta se retratar.",,[],[],312,616,5610,,[],https://twitter.com/FlavioBolsonaro/status/1111272138516905991,,,0
1111272136470159360,1111272133940916224,1553782898000,2019-03-28,11:21:38,-03,40053694,flaviobolsonaro,Flavio Bolsonaro,,"- Entregamos na CCJ uma PEC para reduzir a maioridade penal e para garantir a puni√ß√£o adequada a jovens que n√£o cumprirem a lei.  - A ideia √© reduzir a maioridade penal de 18 anos para 16. Nos casos de crimes hediondos, essa idade vai para 14. Link:  https://bit.ly/2FFBqR2¬†",,['https://bit.ly/2FFBqR2'],[],221,639,3936,,[],https://twitter.com/FlavioBolsonaro/status/1111272136470159360,,,0
1111272133940916224,1111272133940916224,1553782897000,2019-03-28,11:21:37,-03,40053694,flaviobolsonaro,Flavio Bolsonaro,,"Ontem, apresentamos duas propostas que v√£o ajudar na constru√ß√£o do Brasil que queremos. O Pa√≠s n√£o tolera mais o mal-feito!  >>Siga o thread e conhe√ßa os projetos",,[],[],393,951,8424,,[],https://twitter.com/FlavioBolsonaro/status/1111272133940916224,,,0
1109175177173180416,1109175177173180416,1553282944000,2019-03-22,16:29:04,-03,40053694,flaviobolsonaro,Flavio Bolsonaro,,"A governabilidade durante os 4 anos de governo est√° diretamente ligada √† aprova√ß√£o da Nova Previd√™ncia. Essa √© a √∫nica frente de batalha que deve ser aberta no momento, todas as outras atrapalham o Brasil.",,[],[],4358,2375,20644,,[],https://twitter.com/FlavioBolsonaro/status/1109175177173180416,,,0
1109156120935976961,1109156120935976961,1553278401000,2019-03-22,15:13:21,-03,40053694,flaviobolsonaro,Flavio Bolsonaro,,"Presidente da C√¢mara @RodrigoMaia √© fundamental na articula√ß√£o para aprovar a Nova Previd√™ncia e projetos de combate ao crime. Assim como n√≥s, est√° engajado em fazer o Brasil dar certo!",['rodrigomaia'],[],[],4979,2122,18790,,[],https://twitter.com/FlavioBolsonaro/status/1109156120935976961,,,0
1108123679127465986,1108123679127465986,1553032247000,2019-03-19,18:50:47,-03,40053694,flaviobolsonaro,Flavio Bolsonaro,,üáßüá∑ü§ùüá∫üá∏ pic.twitter.com/XAt3mcNj0F,,[],['https://pbs.twimg.com/media/D2DYm_jXgAIudYy.jpg'],1127,2447,26254,,[],https://twitter.com/FlavioBolsonaro/status/1108123679127465986,,,0
1105904599561658368,1105904599561658368,1552503177000,2019-03-13,15:52:57,-03,40053694,flaviobolsonaro,Flavio Bolsonaro,,"Meus sentimentos a todos os familiares das v√≠timas covardemente assassinadas no col√©gio em Suzano. Mais uma trag√©dia protagonizada por menor de idade e que atesta o fracasso do malfadado estatuto do desarmamento, ainda em vigor.",,[],[],8535,3270,33835,,[],https://twitter.com/FlavioBolsonaro/status/1105904599561658368,,,0
1105563846318661634,1105563846318661634,1552421936000,2019-03-12,17:18:56,-03,40053694,flaviobolsonaro,Flavio Bolsonaro,,Avante! üáßüá∑üáµüáæ https://twitter.com/BolsonaroSP/status/1105562049055285248¬†‚Ä¶,,['https://twitter.com/BolsonaroSP/status/1105562049055285248'],[],1001,1423,15850,,[],https://twitter.com/FlavioBolsonaro/status/1105563846318661634,,https://twitter.com/BolsonaroSP/status/1105562049055285248,0
1101350021524525057,1101350021524525057,1551417281000,2019-03-01,02:14:41,-03,40053694,flaviobolsonaro,Flavio Bolsonaro,,"Meu ponto de vista √© como essa Ilana Szab√≥ aceita fazer parte do governo Bolsonaro. √â muita cara de pau junto com uma vontade louca de sabotar, s√≥ pode.",,[],[],3981,3286,27298,,[],https://twitter.com/FlavioBolsonaro/status/1101350021524525057,,,0
1100938445743144965,1100938441381068800,1551319154000,2019-02-27,22:59:14,-03,40053694,flaviobolsonaro,Flavio Bolsonaro,,"Na ocasi√£o foram inaugurados os trabalhos da C√¢mara Metropolitana do RJ, que ter√° papel fundamental na defini√ß√£o das prioridades e da integra√ß√£o dos 22 munic√≠pios que comp√µem a regi√£o, em √°reas como saneamento, mobilidade e habita√ß√£o.",,[],[],299,222,2595,,[],https://twitter.com/FlavioBolsonaro/status/1100938445743144965,,,0
1100938441381068800,1100938441381068800,1551319153000,2019-02-27,22:59:13,-03,40053694,flaviobolsonaro,Flavio Bolsonaro,,"Importante reuni√£o com o governador @wilsonwitzel, prefeitos da regi√£o metropolitana do RJ e os secret√°rios do governo federal das √°reas de infraestrutura, de desenvolvimento regional e de minas e energia. (Continua) pic.twitter.com/31ix2BwpjQ",['wilsonwitzel'],[],['https://pbs.twimg.com/media/D0dRrIBXQAA3Dms.jpg'],286,355,3716,,[],https://twitter.com/FlavioBolsonaro/status/1100938441381068800,,,0
1100906760565673984,1100906760565673984,1551311600000,2019-02-27,20:53:20,-03,40053694,flaviobolsonaro,Flavio Bolsonaro,,"Investimentos estrangeiros, prazo de validade e diminui√ß√£o do custo da CNH. https://youtu.be/6idJT5HBgP0¬†",,['https://youtu.be/6idJT5HBgP0'],[],311,574,4077,,[],https://twitter.com/FlavioBolsonaro/status/1100906760565673984,,,0
1100397886498635776,1100397886498635776,1551190275000,2019-02-26,11:11:15,-03,40053694,flaviobolsonaro,Flavio Bolsonaro,,"Na CAE (Comiss√£o de Assuntos Econ√¥micos) - sabatina do economista Roberto de Oliveira Campos Neto, indicado pela Presid√™ncia para o cargo de presidente do Banco Central. pic.twitter.com/tln2NRFaMH",,[],['https://pbs.twimg.com/media/D0VmB4oXQAE4apQ.jpg'],310,364,3955,,[],https://twitter.com/FlavioBolsonaro/status/1100397886498635776,,,0
1098352885337853956,1098337007565242368,1550702708000,2019-02-20,19:45:08,-03,40053694,flaviobolsonaro,Flavio Bolsonaro,,Guardas municipais tamb√©m s√£o agentes de seguran√ßa p√∫blica e exercem uma profissao de risco.,,[],[],510,397,6562,,[],https://twitter.com/FlavioBolsonaro/status/1098352885337853956,,,0
1098337007565242368,1098337007565242368,1550698923000,2019-02-20,18:42:03,-03,40053694,flaviobolsonaro,Flavio Bolsonaro,,"Caber√° ao Congresso Nacional aprimorar a proposta de nova previd√™ncia com emendas. Por exemplo, a que inclui as guardas municipais nas mesmas regras de policiais.",,[],[],893,1211,12810,,[],https://twitter.com/FlavioBolsonaro/status/1098337007565242368,,,0
1098284705101811716,1098284705101811716,1550686453000,2019-02-20,15:14:13,-03,40053694,flaviobolsonaro,Flavio Bolsonaro,,Juntos pelo RJ! https://twitter.com/mdregional_br/status/1098264907865296896¬†‚Ä¶,,['https://twitter.com/mdregional_br/status/1098264907865296896'],[],187,477,3830,,[],https://twitter.com/FlavioBolsonaro/status/1098284705101811716,,https://twitter.com/mdregional_br/status/1098264907865296896,0
1098238254569213952,1098238254569213952,1550675378000,2019-02-20,12:09:38,-03,40053694,flaviobolsonaro,Flavio Bolsonaro,,"Presidente Bolsonaro encaminhou hoje proposta da Reforma da Previd√™ncia ao Congresso Nacional. Ningu√©m est√° feliz de ter que tratar desse assunto, mas √© extremamente necess√°rio para salvar o Brasil e as futuras gera√ß√µes. pic.twitter.com/CRJ2jDiTXW",,[],[],1276,2279,16709,,[],https://twitter.com/FlavioBolsonaro/status/1098238254569213952,,,1
1098020777847328769,1098020772801589248,1550623528000,2019-02-19,21:45:28,-03,40053694,flaviobolsonaro,Flavio Bolsonaro,,"‚Äú√â um perfil que caminhar√° para a independ√™ncia do Banco Central. √â uma pessoa que, pela sua qualifica√ß√£o, Universidade da Calif√≥rnia, √© indicada para garantir a estabilidade do nosso sistema financeiro.‚Äù",,[],[],141,282,3574,,[],https://twitter.com/FlavioBolsonaro/status/1098020777847328769,,,0
1098020772801589248,1098020772801589248,1550623527000,2019-02-19,21:45:27,-03,40053694,flaviobolsonaro,Flavio Bolsonaro,,"Hoje, pela manh√£, na Comiss√£o de Assuntos Econ√¥micos, sobre a indica√ß√£o do economista Roberto de Oliveira Campos Neto para o cargo de Presidente do Banco Central do Brasil. pic.twitter.com/1L2uyNe6By",,[],[],223,692,6402,,[],https://twitter.com/FlavioBolsonaro/status/1098020772801589248,,,1
1097689047403843584,1097689044438433792,1550544437000,2019-02-18,23:47:17,-03,40053694,flaviobolsonaro,Flavio Bolsonaro,,A bancada do Rio de Janeiro no Congresso segue unida para afastar a grave crise que assola nosso Estado e gerar milhares de novas vagas de trabalho.,,[],[],362,709,7359,,[],https://twitter.com/FlavioBolsonaro/status/1097689047403843584,,,0
1097689044438433792,1097689044438433792,1550544436000,2019-02-18,23:47:16,-03,40053694,flaviobolsonaro,Flavio Bolsonaro,,"O RJ est√° recebendo bilh√µes de reais em investimentos privados no Porto do A√ßu e o gov. Bolsonaro, atrav√©s do Min. da Infraestrutura, d√° mais um passo importante p/ o Estado e o empreendimento: assinou contrato de ades√£o p/ viabilizar o maior parque termel√©trico da Am√©rica Latina pic.twitter.com/90klVTMt6C",,[],[],890,2651,18564,,[],https://twitter.com/FlavioBolsonaro/status/1097689044438433792,,,1
1095829925112762372,1095829925112762372,1550101188000,2019-02-13,20:39:48,-03,40053694,flaviobolsonaro,Flavio Bolsonaro,, pic.twitter.com/Hvujz5Tt1S,,[],['https://pbs.twimg.com/media/DzUrfEyXcAEwIJF.jpg'],536,487,5361,,[],https://twitter.com/FlavioBolsonaro/status/1095829925112762372,,,0
1095245796239425537,1095245796239425537,1549961921000,2019-02-12,05:58:41,-03,40053694,flaviobolsonaro,Flavio Bolsonaro,,"Meus sentimentos √† fam√≠lia de Ricardo Boechat, o ""Jacar√©"" como era carinhosamente chamado por meu pai. Acidente tr√°gico e inesperado. Mais uma trag√©dia que deixa o Brasil de luto. Que Deus o tenha. https://twitter.com/Bolsonaronewss/status/1095067334090412032¬†‚Ä¶",,['https://twitter.com/Bolsonaronewss/status/1095067334090412032'],[],506,1675,17276,,[],https://twitter.com/FlavioBolsonaro/status/1095245796239425537,,https://twitter.com/Bolsonaronewss/status/1095067334090412032,0
1094241990303207424,1094241990303207424,1549722595000,2019-02-09,11:29:55,-03,40053694,flaviobolsonaro,Flavio Bolsonaro,,Agrade√ßo a todos pela considera√ß√£o! Um forte abra√ßo! üáßüá∑üôè pic.twitter.com/zWNWVDbhQa,,[],['https://pbs.twimg.com/media/Dy-HSXsXcAAr075.jpg'],1940,2115,28450,,[],https://twitter.com/FlavioBolsonaro/status/1094241990303207424,,,0
1093565452410896385,1093565452410896385,1549561295000,2019-02-07,14:41:35,-03,40053694,flaviobolsonaro,Flavio Bolsonaro,,"Dia triste no meu RJ. A tempestade foi inesperada, mas a neglig√™ncia com conten√ß√£o de encostas e habita√ß√µes em √°reas de risco s√£o hist√≥ricas. Falei h√° pouco com o Prefeito Crivela e me coloquei √† disposi√ß√£o para ajudar no que for preciso. Meus sentimentos as fam√≠lias das v√≠timas.",,[],[],1108,2195,25404,,[],https://twitter.com/FlavioBolsonaro/status/1093565452410896385,,,0
1092529957195141122,1092529957195141122,1549314414000,2019-02-04,18:06:54,-03,40053694,flaviobolsonaro,Flavio Bolsonaro,,Obrigado! üáßüá∑ Siga tamb√©m no Instagram:  http://instagram.com/flaviobolsonaro/¬†‚Ä¶ pic.twitter.com/d55sXXagsS,,['http://instagram.com/flaviobolsonaro/'],['https://pbs.twimg.com/media/DylyMmCXcAEeJ9j.jpg'],967,1029,13100,,[],https://twitter.com/FlavioBolsonaro/status/1092529957195141122,,,0
1091841616053190656,1091841616053190656,1549150301000,2019-02-02,20:31:41,-03,40053694,flaviobolsonaro,Flavio Bolsonaro,,"2) Contudo, ap√≥s todo o ocorrido na sess√£o, entendi que o melhor era abrir meu voto ao Brasil para que ningu√©m tivesse qualquer d√∫vida acerca de meu posicionamento. Parab√©ns ao novo Presidente do Senado Federal @davialcolumbre !",['davialcolumbre'],[],[],1517,2032,22831,,[],https://twitter.com/FlavioBolsonaro/status/1091841616053190656,,,0
1091841227144736768,1091841227144736768,1549150208000,2019-02-02,20:30:08,-03,40053694,flaviobolsonaro,Flavio Bolsonaro,,"1) Votei em @davialcolumbre nas duas vota√ß√µes. N√£o abri meu voto na 1a. vota√ß√£o, que acabou anulada por tentativa de fraude, para evitar especula√ß√µes sobre suposta  interfer√™ncia do Presidente no Senado.",['davialcolumbre'],[],[],1282,2303,19776,,[],https://twitter.com/FlavioBolsonaro/status/1091841227144736768,,,0
1091782051336990720,1091782051336990720,1549136100000,2019-02-02,16:35:00,-03,40053694,flaviobolsonaro,Flavio Bolsonaro,,"Ap√≥s essa fraude na urna e para que n√£o pairem d√∫vidas, declaro meu meu voto em Davi Alcolumbre para presid√™ncia do Senado.",,[],[],4557,4439,39154,,[],https://twitter.com/FlavioBolsonaro/status/1091782051336990720,,,0
1091763194920615938,1091763194920615938,1549131604000,2019-02-02,15:20:04,-03,40053694,flaviobolsonaro,Flavio Bolsonaro,,"Sou a favor do voto aberto, mas nessa ocasi√£o espec√≠fica, por ser filho do chefe de outro Poder, optei por n√£o abrir meu voto, para evitar especula√ß√µes com intuito de prejudicar o governo. Que o eleito, independentemente de quem for, apoie as pautas que o Brasil necessita.",,[],[],8844,2872,29963,,[],https://twitter.com/FlavioBolsonaro/status/1091763194920615938,,,0
1088441048601452544,1088441048601452544,1548339542000,2019-01-24,11:19:02,-03,40053694,flaviobolsonaro,Flavio Bolsonaro,, pic.twitter.com/c1myhxXqwk,,[],[],3389,4250,28517,,[],https://twitter.com/FlavioBolsonaro/status/1088441048601452544,,,1
1087712395475206147,1087712395475206147,1548165818000,2019-01-22,11:03:38,-03,40053694,flaviobolsonaro,Flavio Bolsonaro,,Nota √† Imprensa pic.twitter.com/bIOsbpKeCM,,[],['https://pbs.twimg.com/media/DxhUp4rXgAIyhBs.jpg'],5985,5586,29573,,[],https://twitter.com/FlavioBolsonaro/status/1087712395475206147,,,0
1087680645160161280,1087680645160161280,1548158248000,2019-01-22,08:57:28,-03,40053694,flaviobolsonaro,Flavio Bolsonaro,,"""Bom jornalismo √© o que faz as perguntas isentas e imparciais, e n√£o, o ‚Äòjornalismo inquisitivo‚Äô que almeja obter respostas que gostaria de ouvir do entrevistado."" (Boris Casoy) pic.twitter.com/TB5cNBEr7K",,[],[],2555,6403,35107,,[],https://twitter.com/FlavioBolsonaro/status/1087680645160161280,,,1
1087184180570664960,1087184180570664960,1548039882000,2019-01-21,00:04:42,-03,40053694,flaviobolsonaro,Flavio Bolsonaro,,"Parte da entrevista que dei no Domingo Espetacular, pontuando todas as injusti√ßas que grande parte da imprensa vem fazendo com meu nome. A verdade sempre prevalecer√°!  V√≠deo completo:  https://youtu.be/CM0kUhH5DfQ¬† pic.twitter.com/B5b6XY85UO",,['https://youtu.be/CM0kUhH5DfQ'],[],4904,6213,31566,,[],https://twitter.com/FlavioBolsonaro/status/1087184180570664960,,,1
1087118271223083009,1087118271223083009,1548024168000,2019-01-20,19:42:48,-03,40053694,flaviobolsonaro,Flavio Bolsonaro,, pic.twitter.com/9r3TG2Sddc,,[],['https://pbs.twimg.com/media/DxY4TBoWoAEWxR2.jpg'],1748,1623,11045,,[],https://twitter.com/FlavioBolsonaro/status/1087118271223083009,,,0
1086383536909754369,1086383536909754369,1547848993000,2019-01-18,19:03:13,-03,40053694,flaviobolsonaro,Flavio Bolsonaro,, pic.twitter.com/5bfc30yhLc,,[],['https://pbs.twimg.com/media/DxOcEJeX0AAIomu.jpg'],5375,2844,15514,,[],https://twitter.com/FlavioBolsonaro/status/1086383536909754369,,,0
1082979833569787904,1082979833569787904,1547037487000,2019-01-09,09:38:07,-03,40053694,flaviobolsonaro,Flavio Bolsonaro,,Um dos efeitos da elimina√ß√£o de terroristas portando fuzis no Rio ser√° a redu√ß√£o do uso desse armamento por eles. Parab√©ns @PMERJ https://twitter.com/PMERJ/status/1082791173947826176¬†‚Ä¶,['pmerj'],['https://twitter.com/PMERJ/status/1082791173947826176'],[],3730,1875,14797,,[],https://twitter.com/FlavioBolsonaro/status/1082979833569787904,,https://twitter.com/PMERJ/status/1082791173947826176,0
1082292379309228034,1082292379309228034,1546873585000,2019-01-07,12:06:25,-03,40053694,flaviobolsonaro,Flavio Bolsonaro,,"Importante reuni√£o com a bancada de deputados estaduais do PSL/RJ. A Alerj ter√° alternativa para disputa da presid√™ncia e a bancada, disposta a abrir m√£o da cabe√ßa da chapa, sinaliza que o importante √© o RJ e j√° articula com outros partidos. pic.twitter.com/5KpvK3Aw66",,[],['https://pbs.twimg.com/media/DwUTKg7WkAATRMR.jpg'],1180,640,7561,,[],https://twitter.com/FlavioBolsonaro/status/1082292379309228034,,,0
1081882014066851840,1081882014066851840,1546775747000,2019-01-06,08:55:47,-03,40053694,flaviobolsonaro,Flavio Bolsonaro,,"Meus sentimentos aos familiares do SD PM Mariotti. Que Deus os conforte. Vamos trabalhar duro para que essa tormenta acabe ou, pelo menos, diminua, com o redirecionamento da nefasta pol√≠tica de direitos humanos que vigorou no Brasil at√© ent√£o. @DDalertaRio pic.twitter.com/MhplTYJ6Lo",['ddalertario'],[],['https://pbs.twimg.com/media/DwOd82TXcAAp9M9.jpg'],475,1701,10536,,[],https://twitter.com/FlavioBolsonaro/status/1081882014066851840,,,0
1080255409791946753,1080255409791946753,1546387934000,2019-01-01,21:12:14,-03,40053694,flaviobolsonaro,Flavio Bolsonaro,,"Al√©m de refer√™ncia como pai e homem, agora √© uma grande honra tamb√©m estar ao seu lado e participar desse momento hist√≥rico, em que @jairbolsonaro tomou posse como 38¬∫ Presidente do Brasil! Que Deus nos aben√ßoe! pic.twitter.com/PVKhu2RMfF",['jairbolsonaro'],[],['https://pbs.twimg.com/media/Dv3WjX2XQAIjIa7.jpg'],1841,3616,46408,,[],https://twitter.com/FlavioBolsonaro/status/1080255409791946753,,,0
1080210702802001922,1080210702802001922,1546377275000,2019-01-01,18:14:35,-03,40053694,flaviobolsonaro,Flavio Bolsonaro,,A new era began for Brazil and for Brazilians https://twitter.com/realDonaldTrump/status/1080164786330132480¬†‚Ä¶,,['https://twitter.com/realDonaldTrump/status/1080164786330132480'],[],308,1144,12082,,[],https://twitter.com/FlavioBolsonaro/status/1080210702802001922,,https://twitter.com/realDonaldTrump/status/1080164786330132480,0
1080135943020052481,1080135943020052481,1546359451000,2019-01-01,13:17:31,-03,40053694,flaviobolsonaro,Flavio Bolsonaro,,V√£o come√ßar os trabalhos pelo Brasil! Que Deus nos aben√ßoe!!! pic.twitter.com/lBqkuYsdRA,,[],['https://pbs.twimg.com/media/Dv1p5lEX4AYSUaw.jpg'],1196,2271,38318,,[],https://twitter.com/FlavioBolsonaro/status/1080135943020052481,,,0
1079897502277603329,1079897502277603329,1546302602000,2018-12-31,21:30:02,-03,40053694,flaviobolsonaro,Flavio Bolsonaro,,Que Deus aben√ßoe muito nossas fam√≠lias e nosso Brasil! Feliz 2019!!! pic.twitter.com/5MfiPSwgIV,,[],['https://pbs.twimg.com/media/DvyRDU5WsAEnhan.jpg'],929,1403,20245,,[],https://twitter.com/FlavioBolsonaro/status/1079897502277603329,,,0
1076242635893948416,1076242635893948416,1545431214000,2018-12-21,19:26:54,-03,40053694,flaviobolsonaro,Flavio Bolsonaro,,"Pela en√©sima vez, n√£o posso ser responsabilizado por atos de terceiros e n√£o cometi nenhuma ilegalidade. O ex-assessor √© quem deve dar explica√ß√µes. Todos da minha equipe trabalham e a prova de que o gabinete funciona bem s√£o minhas crescentes vota√ß√µes.",,[],[],7177,4298,34606,,[],https://twitter.com/FlavioBolsonaro/status/1076242635893948416,,,0
1075351618328125440,1075351618328125440,1545218779000,2018-12-19,08:26:19,-03,40053694,flaviobolsonaro,Flavio Bolsonaro,,Agrade√ßo a Deus e a cada um de voc√™s que colaboraram para que eu me elegesse Senador do Rio de Janeiro! Vamos ajudar nosso presidente @jairbolsonaro a fazer o melhor governo da hist√≥ria do Brasil e ajudar a tirar o RJ do buraco! pic.twitter.com/ugQyG30jS2,['jairbolsonaro'],[],['https://pbs.twimg.com/media/Duxql1fWwAACFlu.jpg'],2974,1919,22471,,[],https://twitter.com/FlavioBolsonaro/status/1075351618328125440,,,0
1071485015240912897,1071485015240912897,1544296909000,2018-12-08,16:21:49,-03,40053694,flaviobolsonaro,Flavio Bolsonaro,,"Continuo com minha consci√™ncia tranquila, pois nada fiz de errado. N√£o sou investigado. Agora, cabe ao meu ex-assessor prestar os esclarecimentos que se fizerem necess√°rios ao Minist√©rio P√∫blico.",,[],[],5701,4984,38350,,[],https://twitter.com/FlavioBolsonaro/status/1071485015240912897,,,0
1070700626429050880,1070700626429050880,1544109896000,2018-12-06,12:24:56,-03,40053694,flaviobolsonaro,Flavio Bolsonaro,,"Fabricio Queiroz trabalhou comigo por mais de dez anos e sempre foi da minha confian√ßa. Nunca soube de algo que desabonasse sua conduta. Em outubro foi exonerado, a pedido, para tratar de sua passagem para a inatividade. Tenho certeza de que ele dar√° todos os esclarecimentos.",,[],[],2150,2069,18275,,[],https://twitter.com/FlavioBolsonaro/status/1070700626429050880,,,0
1070365272882712578,1070365272882712578,1544029942000,2018-12-05,14:12:22,-03,40053694,flaviobolsonaro,Flavio Bolsonaro,,"A cada escolha feita √© mais um passo rumo ao progresso! Obrigado, Brasil! pic.twitter.com/pfhK9Dfcvf",,[],['https://pbs.twimg.com/media/DtqziT7W4AAkF0c.jpg'],396,606,6171,,[],https://twitter.com/FlavioBolsonaro/status/1070365272882712578,,,0
1070340665245077504,1070340665245077504,1544024075000,2018-12-05,12:34:35,-03,40053694,flaviobolsonaro,Flavio Bolsonaro,,"Jair Bolsonaro recebe a Medalha Pacificador com Palma, por ato her√≥ico em que salvou a vida do ent√£o Soldado Celso. Esta e v√°rias outras importantes passagens de sua vida est√£o no livro ‚ÄúJair Messias Bolsonaro, Mito ou Verdade‚Äù! @jairbolsonaro @exercitooficial pic.twitter.com/3H7ms0uIkX","['jairbolsonaro', 'exercitooficial']",[],['https://pbs.twimg.com/media/DtqdJCQWsAA0P0k.jpg'],315,1502,10287,,[],https://twitter.com/FlavioBolsonaro/status/1070340665245077504,,,0
1070320355791855616,1070320355791855616,1544019233000,2018-12-05,11:13:53,-03,40053694,flaviobolsonaro,Flavio Bolsonaro,,"Por ato her√≥ico, @jairbolsonaro recebe a Medalha Pacificador com Palma do @exercitooficial ! (Ao vivo no meu Facebook) pic.twitter.com/XMDgHefb6c","['jairbolsonaro', 'exercitooficial']",[],['https://pbs.twimg.com/media/DtqKrD6XcAElM2o.jpg'],131,777,5423,,[],https://twitter.com/FlavioBolsonaro/status/1070320355791855616,,,0
1070058773392314370,1070058773392314370,1543956866000,2018-12-04,17:54:26,-03,40053694,flaviobolsonaro,Flavio Bolsonaro,,"Hoje, √°s 00h30, minha entrevista com a @_AmandaKlein no @_ENoticia - Assista! pic.twitter.com/hm7M6xk8pn","['_amandaklein', '_enoticia']",[],[],123,675,3764,,[],https://twitter.com/FlavioBolsonaro/status/1070058773392314370,,,1
1069757331041386498,1069757331041386498,1543884997000,2018-12-03,21:56:37,-03,40053694,flaviobolsonaro,Flavio Bolsonaro,,"J√° vai come√ßar! Entrevista na ""Central da Transi√ß√£o"" - Globo News. pic.twitter.com/0HCoelQ7fD",,[],['https://pbs.twimg.com/media/DtiKnnjWkAAqgq6.jpg'],494,608,6128,,[],https://twitter.com/FlavioBolsonaro/status/1069757331041386498,,,0
1069729582771773440,1069729582771773440,1543878381000,2018-12-03,20:06:21,-03,40053694,flaviobolsonaro,Flavio Bolsonaro,,"Assista hoje, √†s 23h, minha entrevista na ""Central da Transi√ß√£o"" - Globo News. RT! pic.twitter.com/GZ3FIzMKvO",,[],[],588,1569,9593,,[],https://twitter.com/FlavioBolsonaro/status/1069729582771773440,,,1
1069341762899140608,1069341762899140608,1543785918000,2018-12-02,18:25:18,-03,40053694,flaviobolsonaro,Flavio Bolsonaro,,Parab√©ns ao @Palmeiras pelo merecido t√≠tulo! Que em 2019 o meu @VascodaGama proporcione sentimentos mehores que al√≠vio ou insatisfa√ß√£o. üí¢üí¢üí¢,"['palmeiras', 'vascodagama']",[],[],560,1665,16872,,[],https://twitter.com/FlavioBolsonaro/status/1069341762899140608,,,0
1068481077977776131,1068481077977776131,1543580715000,2018-11-30,09:25:15,-03,40053694,flaviobolsonaro,Flavio Bolsonaro,,BOM DIA!!! https://twitter.com/PMERJ/status/1068471214144974848¬†‚Ä¶,,['https://twitter.com/PMERJ/status/1068471214144974848'],[],227,840,9237,,[],https://twitter.com/FlavioBolsonaro/status/1068481077977776131,,https://twitter.com/PMERJ/status/1068471214144974848,0
1068480457828900865,1068480457828900865,1543580567000,2018-11-30,09:22:47,-03,40053694,flaviobolsonaro,Flavio Bolsonaro,,üáßüá∑ https://twitter.com/RenovaMidia/status/1068459784553275392¬†‚Ä¶,,['https://twitter.com/RenovaMidia/status/1068459784553275392'],[],98,276,2239,,[],https://twitter.com/FlavioBolsonaro/status/1068480457828900865,,https://twitter.com/RenovaMidia/status/1068459784553275392,0
1068469839315066880,1068469839315066880,1543578035000,2018-11-30,08:40:35,-03,40053694,flaviobolsonaro,Flavio Bolsonaro,,"(2) Hoje, h√° alternativas para presid√™ncia da Alerj e a bancada do PSL sinalizou para o deputado M√°rcio Pacheco, que tem tudo para compor com a excelente deputada Tia Ju.",,[],[],34,258,2250,,[],https://twitter.com/FlavioBolsonaro/status/1068469839315066880,,,0
1068469140682358784,1068469140682358784,1543577868000,2018-11-30,08:37:48,-03,40053694,flaviobolsonaro,Flavio Bolsonaro,,"(1) Contin√™ncia se presta, quem bate, bate outra coisa... Explico: trata-se de um cumprimento respeitoso, que se aplica tamb√©m a autoridades, como o chefe da NSA dos Estados Unidos ou o presidente do Poder Legislativo. pic.twitter.com/FqTxrmsB2I",,[],['https://pbs.twimg.com/media/DtP3BGuW0AIUNJp.jpg'],281,506,2967,,[],https://twitter.com/FlavioBolsonaro/status/1068469140682358784,,,0
1068451818055835648,1068451818055835648,1543573738000,2018-11-30,07:28:58,-03,40053694,flaviobolsonaro,Flavio Bolsonaro,,Quem quer ser pol√≠tico tem que se candidatar! Quando a milit√¢ncia se sobrep√µe √† legisla√ß√£o e √† raz√£o: https://www.oantagonista.com/internet/laudo-aponta-militancia-esquerdista-de-procuradores-que-cobram-100-milhoes-da-havan/¬†‚Ä¶,,['https://www.oantagonista.com/internet/laudo-aponta-militancia-esquerdista-de-procuradores-que-cobram-100-milhoes-da-havan/'],[],154,1393,5692,,[],https://twitter.com/FlavioBolsonaro/status/1068451818055835648,,,0
1068139524478390272,1068139524478390272,1543499282000,2018-11-29,10:48:02,-03,40053694,flaviobolsonaro,Flavio Bolsonaro,,"Meus sentimentos √† fam√≠lia do Maj PM Luna. Essa dura e inaceit√°vel realidade de nossos policiais do RJ, no que depender de n√≥s, vai mudar. Denuncie e ajude:  Ligue (21) 2253-1177 WhatsApp Procurados (21) 98849-6099 #app ""Disque Den√∫ncia RJ"" @PMERJ @PCERJ pic.twitter.com/rdzGSNSG5e","['pmerj', 'pcerj']",[],['https://pbs.twimg.com/media/DtLLN-dW0AAcMAe.jpg'],71,620,2806,,['#app'],https://twitter.com/FlavioBolsonaro/status/1068139524478390272,,,0
1068111114175750145,1068111114175750145,1543492508000,2018-11-29,08:55:08,-03,40053694,flaviobolsonaro,Flavio Bolsonaro,,"Por quest√µes ideol√≥gicas, o Brasil perdeu v√°rias oportunidades de parcerias internacionais que resultassem em benef√≠cios para os brasileiros. Agora ser√° diferente! Important√≠ssimo passo foi dado hoje na reuni√£o com o Sr. John Bolton (Ag√™ncia de Seguran√ßa Nacional dos EUA - NSA). pic.twitter.com/lSKpCxfhAJ",,[],['https://pbs.twimg.com/media/DtKxZCBXgAMeyYQ.jpg'],231,1724,9826,,[],https://twitter.com/FlavioBolsonaro/status/1068111114175750145,,,0
1068108363521773574,1068108363521773574,1543491853000,2018-11-29,08:44:13,-03,40053694,flaviobolsonaro,Flavio Bolsonaro,,"Desde 2016 alerto para as consequ√™ncias da corrup√ß√£o e incompet√™ncia do governador Pez√£o, sendo eu um dos primeiros deputados a defender seu impeachment: https://youtu.be/oSR3TZ5thU0¬†",,['https://youtu.be/oSR3TZ5thU0'],[],456,1499,9026,,[],https://twitter.com/FlavioBolsonaro/status/1068108363521773574,,,0
1067796652591906816,1067796652591906816,1543417535000,2018-11-28,12:05:35,-03,40053694,flaviobolsonaro,Flavio Bolsonaro,,"Juntos, vamos construir um novo Brasil! RT @g1: Bolsonaro diz no Twitter que n√£o conceder√° indulto para presos em seu governo https://g1.globo.com/politica/noticia/2018/11/28/bolsonaro-diz-no-twitter-que-nao-concedera-indulto-para-presos-em-seu-governo.ghtml?utm_source=push&utm_medium=app&utm_campaign=pushg1¬†‚Ä¶",['g1'],['https://g1.globo.com/politica/noticia/2018/11/28/bolsonaro-diz-no-twitter-que-nao-concedera-indulto-para-presos-em-seu-governo.ghtml?utm_source=push&utm_medium=app&utm_campaign=pushg1'],[],774,2684,16240,,[],https://twitter.com/FlavioBolsonaro/status/1067796652591906816,,,0
1067046485961916416,1067046485961916416,1543238681000,2018-11-26,10:24:41,-03,40053694,flaviobolsonaro,Flavio Bolsonaro,,üáßüá∑ https://twitter.com/jairbolsonaro/status/1067041849465102336¬†‚Ä¶,,['https://twitter.com/jairbolsonaro/status/1067041849465102336'],[],252,1046,11119,,[],https://twitter.com/FlavioBolsonaro/status/1067046485961916416,,https://twitter.com/jairbolsonaro/status/1067041849465102336,0
1066026549646888961,1066026549646888961,1542995509000,2018-11-23,14:51:49,-03,40053694,flaviobolsonaro,Flavio Bolsonaro,,Orgulho!! Quem concorda da RT! https://g1.globo.com/politica/noticia/2018/11/23/futuro-ministro-diz-que-educacao-preservara-valores-tradicionais-porque-sociedade-e-conservadora.ghtml¬†‚Ä¶,,['https://g1.globo.com/politica/noticia/2018/11/23/futuro-ministro-diz-que-educacao-preservara-valores-tradicionais-porque-sociedade-e-conservadora.ghtml'],[],664,8218,22909,,[],https://twitter.com/FlavioBolsonaro/status/1066026549646888961,,,0
1066024457976856576,1066024457976856576,1542995011000,2018-11-23,14:43:31,-03,40053694,flaviobolsonaro,Flavio Bolsonaro,,"Meu pai @jairbolsonaro foi avaliado agora por m√©dicos do Albert Einstein, que dicidiram n√£o oper√°-lo este ano. Ele toma posse em Jan/2019 e, depois, far√° novos exames para agendar a cirurgia. pic.twitter.com/KEu33n5Bz1",['jairbolsonaro'],[],['https://pbs.twimg.com/media/DstHloPXQAEufcw.jpg'],1065,2338,15218,,[],https://twitter.com/FlavioBolsonaro/status/1066024457976856576,,,0
1065955538452787200,1065955538452787200,1542978579000,2018-11-23,10:09:39,-03,40053694,flaviobolsonaro,Flavio Bolsonaro,,"Agora √© claro para todos que houve triangula√ß√£o entre o PT e a ditadura cubana, usando o BNDES. O objetivo nunca foi humanit√°rio. https://republicadecuritiba.net/2018/11/23/fico-no-brasil-nem-que-tenha-que-recolher-lixo-desabafa-medico-cubano/¬†‚Ä¶",,['https://republicadecuritiba.net/2018/11/23/fico-no-brasil-nem-que-tenha-que-recolher-lixo-desabafa-medico-cubano/'],[],158,1739,7378,,[],https://twitter.com/FlavioBolsonaro/status/1065955538452787200,,,0
1065924523860680705,1065924523860680705,1542971185000,2018-11-23,08:06:25,-03,40053694,flaviobolsonaro,Flavio Bolsonaro,,No ritmo de #BlackFridayBrasil sugiro o livro que escrevi do meu pai @jairbolsonaro com um pouco de sua corajosa e aben√ßoada hist√≥ria de vida : https://www.amazon.com.br/Mito-verdade-Jair-Messias-Bolsonaro/dp/8594307004?tag=goog0ef-20&smid=A2RZ2R86KZ1T8T&ascsubtag=go_1494986073_58431735035_285514469186_pla-566080525832_m_¬†‚Ä¶,['jairbolsonaro'],['https://www.amazon.com.br/Mito-verdade-Jair-Messias-Bolsonaro/dp/8594307004?tag=goog0ef-20&smid=A2RZ2R86KZ1T8T&ascsubtag=go_1494986073_58431735035_285514469186_pla-566080525832_m_'],[],481,2160,12367,,['#blackfridaybrasil'],https://twitter.com/FlavioBolsonaro/status/1065924523860680705,,,0
1065704240146989056,1065704240146989056,1542918665000,2018-11-22,17:31:05,-03,40053694,flaviobolsonaro,Flavio Bolsonaro,,Sonho com o dia em que a legisla√ß√£o brasileira ser√° t√£o dura com assassinos covardes como na Espanha! Revis√£o da pena? S√ì AP√ìS CUMPRIR 25 ANOS! pic.twitter.com/gofJO76ZyO,,[],['https://pbs.twimg.com/media/DsokV4xWoAEsvD0.jpg'],438,1775,9243,,[],https://twitter.com/FlavioBolsonaro/status/1065704240146989056,,,0
1064910041529139200,1064910041529139200,1542729313000,2018-11-20,12:55:13,-03,40053694,flaviobolsonaro,Flavio Bolsonaro,,"Bandidos t√™m a certeza da impunidade, perante a lei e ante as circunst√¢ncias no momento do crime. N√£o podemos nos acostumar com o ‚Äúpelo menos estou vivo‚Äù, isso tem que mudar! https://twitter.com/VEJA/status/1064863831762092032¬†‚Ä¶",,['https://twitter.com/VEJA/status/1064863831762092032'],[],348,1783,11499,,[],https://twitter.com/FlavioBolsonaro/status/1064910041529139200,,https://twitter.com/VEJA/status/1064863831762092032,0
1063192463043637249,1063192463043637249,1542319811000,2018-11-15,19:10:11,-03,40053694,flaviobolsonaro,Flavio Bolsonaro,,"@jairbolsonaro segue defendendo direitos humanos √†queles que s√£o tratados como escravos pela ditadura cubana e, de quebra, ainda deixar√° de destinar bilh√µes, de impostos dos brasileiros, ao regime autorit√°rio dos Castro. A sa√∫de p√∫blica tem que ser de qualidade para todos. pic.twitter.com/CSJQ5Z3oNy",['jairbolsonaro'],[],['https://pbs.twimg.com/media/DsE35iJW0AEWmUR.jpg'],270,1770,10649,,[],https://twitter.com/FlavioBolsonaro/status/1063192463043637249,,,0
1062813409044033536,1062813409044033536,1542229437000,2018-11-14,18:03:57,-03,40053694,flaviobolsonaro,Flavio Bolsonaro,,Nosso compromisso √© com o Brasil! https://twitter.com/jairbolsonaro/status/1062773135890624513¬†‚Ä¶,,['https://twitter.com/jairbolsonaro/status/1062773135890624513'],[],188,1191,9353,,[],https://twitter.com/FlavioBolsonaro/status/1062813409044033536,,https://twitter.com/jairbolsonaro/status/1062773135890624513,0
1062704261363044358,1062704261363044358,1542203414000,2018-11-14,10:50:14,-03,40053694,flaviobolsonaro,Flavio Bolsonaro,,"Muito trabalho e decis√µes importantes sendo tomadas desde cedo, todos os dias! O Brasil vai dar certo, se Deus quiser!  Com @jairbolsonaro @BolsonaroSP @CarlosBolsonaro pic.twitter.com/hBFhZK1iPp","['jairbolsonaro', 'bolsonarosp', 'carlosbolsonaro']",[],['https://pbs.twimg.com/media/Dr9741HXgAAM9Wl.jpg'],816,2351,16455,,[],https://twitter.com/FlavioBolsonaro/status/1062704261363044358,,,0
1062673800523890689,1062673800523890689,1542196152000,2018-11-14,08:49:12,-03,40053694,flaviobolsonaro,Flavio Bolsonaro,,"Nunca cobrei nada do governador eleito do RJ Wilson Witzel. Inclusive, j√° falei pessoalmente quantos cargos quero no governo: NENHUM! Se ele quiser minha opini√£o, sobre algu√©m ou alguma pol√≠tica p√∫blica, sempre estarei √† disposi√ß√£o. Mas a responsabilidade das escolhas s√£o dele. pic.twitter.com/S32fB3uXXL",,[],['https://pbs.twimg.com/media/Dr9gLaLW4AE3IRU.jpg'],160,1148,5892,,[],https://twitter.com/FlavioBolsonaro/status/1062673800523890689,,,0
1061991999476285440,1061991999476285440,1542033598000,2018-11-12,11:39:58,-03,40053694,flaviobolsonaro,Flavio Bolsonaro,,‚ÄúO futuro do Brasil s√£o as nossas crian√ßas!‚Äù  Via: @SnapBolsonaro . pic.twitter.com/3HEnYDMytv,['snapbolsonaro'],[],[],453,3917,22624,,[],https://twitter.com/FlavioBolsonaro/status/1061991999476285440,,,1
1061620687369129984,1061620687369129984,1541945070000,2018-11-11,11:04:30,-03,40053694,flaviobolsonaro,Flavio Bolsonaro,,"Depois dessa mat√©ria, vai rolar um brigadeiro! rs https://extra.globo.com/famosos/a-intimidade-dos-bolsonaro-criacao-dos-filhos-a-vida-em-familia-retratadas-em-fotos-23226273.html¬†‚Ä¶",,['https://extra.globo.com/famosos/a-intimidade-dos-bolsonaro-criacao-dos-filhos-a-vida-em-familia-retratadas-em-fotos-23226273.html'],[],584,2536,19868,,[],https://twitter.com/FlavioBolsonaro/status/1061620687369129984,,,0
1061465940808925186,1061465940808925186,1541908176000,2018-11-11,00:49:36,-03,40053694,flaviobolsonaro,Flavio Bolsonaro,,Bolsonaro liga para o Teleton e fala com Silvio Santos. https://youtu.be/W0OdmqTDma4¬†,,['https://youtu.be/W0OdmqTDma4'],[],340,1730,12360,,[],https://twitter.com/FlavioBolsonaro/status/1061465940808925186,,,0
1061398127884808192,1061398127884808192,1541892008000,2018-11-10,20:20:08,-03,40053694,flaviobolsonaro,Flavio Bolsonaro,,"Amizade, hist√≥rias inesquec√≠veis, muito quilos a mais, cabelos a menos e crian√ßa pra tudo quanto √© lado!!! UCAMaradas!!! pic.twitter.com/mPRmkkQJ40",,[],['https://pbs.twimg.com/media/DrrX9CrXcAAnmfj.jpg'],49,350,4129,,[],https://twitter.com/FlavioBolsonaro/status/1061398127884808192,,,0
1061330641298644992,1061330641298644992,1541875918000,2018-11-10,15:51:58,-03,40053694,flaviobolsonaro,Flavio Bolsonaro,,"‚ÄúPara que o mal triunfe basta que os bons fiquem de bra√ßos cruzados.‚Äù (Edmund Burke) No mundo real, pol√≠tica tamb√©m se faz com quem n√£o pensa 100% igual a voc√™, desde que haja converg√™ncia nos valores fundamentais. Posso at√© errar tentando acertar, mas n√£o vou me omitir!",,[],[],437,3207,19821,,[],https://twitter.com/FlavioBolsonaro/status/1061330641298644992,,,0
1061024584584126471,1061024584584126471,1541802948000,2018-11-09,19:35:48,-03,40053694,flaviobolsonaro,Flavio Bolsonaro,,Escola √© denunciada por banheiro unissex para crian√ßas entre 4 e 8 anos de idade: https://www.gazetadopovo.com.br/educacao/escola-e-denunciada-por-banheiro-unico-para-meninos-e-meninas-8sgcdk8xh71gvcqbrpwrnajvc¬†‚Ä¶,,['https://www.gazetadopovo.com.br/educacao/escola-e-denunciada-por-banheiro-unico-para-meninos-e-meninas-8sgcdk8xh71gvcqbrpwrnajvc'],[],631,3817,14655,,[],https://twitter.com/FlavioBolsonaro/status/1061024584584126471,,,0
1060956192590233600,1060956192590233600,1541786642000,2018-11-09,15:04:02,-03,40053694,flaviobolsonaro,Flavio Bolsonaro,,"Todo nosso apoio ao movimento #endireitapaqueta Mais um n√∫cleo do PSL para combater a esquerdalha (PT/PSOL), em defesa da fam√≠lia, contra a libera√ß√£o das drogas! Em breve estaremos efetivamente combatendo a desordem perpetuada na ilha de Paquet√°! pic.twitter.com/ywyyqS0vH0",,[],['https://pbs.twimg.com/media/DrlGBrVX0AQibKj.jpg'],104,652,4786,,['#endireitapaqueta'],https://twitter.com/FlavioBolsonaro/status/1060956192590233600,,,0
1060645326820986881,1060645326820986881,1541712526000,2018-11-08,18:28:46,-03,40053694,flaviobolsonaro,Flavio Bolsonaro,,Aumento de 300% de celulares apreendidos dentro nas celas! Parab√©ns pela sua ‚Äúcompet√™ncia‚Äù em facilitar o ingresso de celulares nos pres√≠dios do Rio. Sua ideologia faz tanto mal ao povo quanto a corrup√ß√£o. Vejam:  https://g1.globo.com/google/amp/rj/rio-de-janeiro/noticia/2018/08/03/em-dois-anos-apreensoes-de-celulares-em-presidios-do-rj-crescem-300.ghtml¬†‚Ä¶ https://twitter.com/MarceloFreixo/status/1060627776653402113¬†‚Ä¶,,"['https://g1.globo.com/google/amp/rj/rio-de-janeiro/noticia/2018/08/03/em-dois-anos-apreensoes-de-celulares-em-presidios-do-rj-crescem-300.ghtml', 'https://twitter.com/MarceloFreixo/status/1060627776653402113']",[],509,2630,13521,,[],https://twitter.com/FlavioBolsonaro/status/1060645326820986881,,https://twitter.com/MarceloFreixo/status/1060627776653402113,0
1060611946058264576,1060611946058264576,1541704567000,2018-11-08,16:16:07,-03,40053694,flaviobolsonaro,Flavio Bolsonaro,,"N√£o cuspa no prato que comeu, voc√™ sempre foi parceiro do Picciani, at√© em lei que facilita entrada de armas e drogas nos pres√≠dios do Rio. Depois n√£o quer ser chamado de defensor de bandidos. Vejam:  http://alerjln1.alerj.rj.gov.br/CONTLEI.NSF/01017f90ba503d61032564fe0066ea5b/1df1a194b3d7867883257e51005f1de5?OpenDocument¬†‚Ä¶ https://twitter.com/MarceloFreixo/status/1060608878042324993¬†‚Ä¶",,"['http://alerjln1.alerj.rj.gov.br/CONTLEI.NSF/01017f90ba503d61032564fe0066ea5b/1df1a194b3d7867883257e51005f1de5?OpenDocument', 'https://twitter.com/MarceloFreixo/status/1060608878042324993']",[],463,1956,9519,,[],https://twitter.com/FlavioBolsonaro/status/1060611946058264576,,https://twitter.com/MarceloFreixo/status/1060608878042324993,0
1060597506256654336,1060596121259646976,1541701125000,2018-11-08,15:18:45,-03,40053694,flaviobolsonaro,Flavio Bolsonaro,,S√≥ na cabe√ßa de quem come ou fuma capim!,['nanddamj'],[],[],127,56,956,,[],https://twitter.com/FlavioBolsonaro/status/1060597506256654336,,,0
1060596121259646976,1060596121259646976,1541700794000,2018-11-08,15:13:14,-03,40053694,flaviobolsonaro,Flavio Bolsonaro,,O PSOL apoia para presid√™ncia do Brasil o candidato do presidi√°rio condenado por corrup√ß√£o. E n√≥s convidamos para comandar a Justi√ßa aquele que o condenou. A diferen√ßa entre PSL e PSOL n√£o √© apenas a letra ‚ÄúO‚Äù. https://twitter.com/MarceloFreixo/status/1060559439172943872¬†‚Ä¶,,['https://twitter.com/MarceloFreixo/status/1060559439172943872'],[],586,1934,11823,,[],https://twitter.com/FlavioBolsonaro/status/1060596121259646976,,https://twitter.com/MarceloFreixo/status/1060559439172943872,0
1060548041231515648,1060548041231515648,1541689331000,2018-11-08,12:02:11,-03,40053694,flaviobolsonaro,Flavio Bolsonaro,,Nota do PSL/RJ sobre pris√µes de deputados e candidatura √† presid√™ncia da Alerj: https://odia.ig.com.br/colunas/informe-do-dia/2018/11/5591077-apos-prisao-de-andre-correa-flavio-bolsonaro-diz-que-seu-partido-podera-lancar-candidatura-propria-a-presidencia-da-alerj.html¬†‚Ä¶,,['https://odia.ig.com.br/colunas/informe-do-dia/2018/11/5591077-apos-prisao-de-andre-correa-flavio-bolsonaro-diz-que-seu-partido-podera-lancar-candidatura-propria-a-presidencia-da-alerj.html'],[],170,1099,6083,,[],https://twitter.com/FlavioBolsonaro/status/1060548041231515648,,,0
1060514847513890816,1060514847513890816,1541681417000,2018-11-08,09:50:17,-03,40053694,flaviobolsonaro,Flavio Bolsonaro,,O vi√©s ideol√≥gico que contamina o Enem/2018 √© uma grande irresponsabilidade do Minist√©rio da Educa√ß√£o e o retrato de que est√£o desconectados das reais prioridades para a juventude brasileira. Que as provas do pr√≥ximo domingo ocorram sem √¢nimos exaltados.,,[],[],500,2651,18156,,[],https://twitter.com/FlavioBolsonaro/status/1060514847513890816,,,0
1060291629800714241,1060291629800714241,1541628198000,2018-11-07,19:03:18,-03,40053694,flaviobolsonaro,Flavio Bolsonaro,,"A quem interessar possa, pessoa p√∫blica ou privada, NINGU√âM est√° autorizado a usar meu nome ou o do PSL/RJ para intermediar absolutamente NADA!",,[],[],265,2535,17980,,[],https://twitter.com/FlavioBolsonaro/status/1060291629800714241,,,0
